JobID,CompanyID,PostedByName,PostedByEmail,JobTitle,RequiredExperience,JobDescription,RequiredSkills,AdditionalSkills,Country,State,City,ZipCode,SalaryMin,SalaryMax,SalaryCurrency,SalaryPeriod,Responsibilities,JobType,WorkLocation,Status
09652d1f-ce97-42cb-b9ec-cd37863707f0,09489f1f-6731-478d-b529-7cb7d2b1ccb6,John Doe 1,contact1@technova1.com,Product Owner,6+ years,Looking for a skilled Product Owner to join our dynamic team at TechNova Solutions 1.,"JavaScript, Node.js, React","Agile, Scrum",USA,California,San Francisco,94183,99669,178861,USD,Yearly,Develop and maintain applications for TechNova Solutions 1 clients.,Contract,Remote,active
95aef8f4-7b71-4e28-be37-84d0336910d3,09489f1f-6731-478d-b529-7cb7d2b1ccb6,John Doe 1,contact1@technova1.com,Backend Developer,6+ years,Looking for a skilled Backend Developer to join our dynamic team at TechNova Solutions 1.,"SQL, MySQL, MongoDB","Leadership, Mentoring",Canada,California,San Francisco,94138,67826,128989,USD,Yearly,Develop and maintain applications for TechNova Solutions 1 clients.,Part-time,Remote,active
7b42cb97-83a0-445b-8681-7c26d47405f2,09489f1f-6731-478d-b529-7cb7d2b1ccb6,John Doe 1,contact1@technova1.com,Project Manager,7+ years,Looking for a skilled Project Manager to join our dynamic team at TechNova Solutions 1.,"Machine Learning, AI, TensorFlow","Problem Solving, Creativity",Australia,California,San Francisco,94388,64165,141437,USD,Yearly,Develop and maintain applications for TechNova Solutions 1 clients.,Contract,Hybrid,active
0ffbcf3d-d3ea-4f57-9404-df6858aa50e2,09489f1f-6731-478d-b529-7cb7d2b1ccb6,John Doe 1,contact1@technova1.com,Backend Developer,8+ years,Looking for a skilled Backend Developer to join our dynamic team at TechNova Solutions 1.,"JavaScript, Node.js, React","Leadership, Mentoring",Australia,California,San Francisco,94930,63689,129371,USD,Yearly,Develop and maintain applications for TechNova Solutions 1 clients.,Full-time,Hybrid,active
dfe7e817-565f-4148-aacc-4b68f9d25b14,09489f1f-6731-478d-b529-7cb7d2b1ccb6,John Doe 1,contact1@technova1.com,Project Manager,7+ years,Looking for a skilled Project Manager to join our dynamic team at TechNova Solutions 1.,"Python, Django, REST APIs","Communication, Teamwork",UK,California,San Francisco,94495,85053,174300,USD,Yearly,Develop and maintain applications for TechNova Solutions 1 clients.,Full-time,On-site,active
57f16b65-6506-4c34-96af-a482c84d2ae2,09489f1f-6731-478d-b529-7cb7d2b1ccb6,John Doe 1,contact1@technova1.com,Data Scientist,5+ years,Looking for a skilled Data Scientist to join our dynamic team at TechNova Solutions 1.,"Python, Django, REST APIs","Agile, Scrum",India,California,San Francisco,94513,95063,145094,USD,Yearly,Develop and maintain applications for TechNova Solutions 1 clients.,Contract,On-site,active
7bd6674f-299d-4762-9767-d77fc24fa4a8,09489f1f-6731-478d-b529-7cb7d2b1ccb6,John Doe 1,contact1@technova1.com,Database Administrator,2+ years,Looking for a skilled Database Administrator to join our dynamic team at TechNova Solutions 1.,"AWS, Docker, Kubernetes","Problem Solving, Creativity",India,California,San Francisco,94586,77359,152791,USD,Yearly,Develop and maintain applications for TechNova Solutions 1 clients.,Contract,Remote,active
08af52f4-2d8d-4b2b-af9a-d97a20eb7770,09489f1f-6731-478d-b529-7cb7d2b1ccb6,John Doe 1,contact1@technova1.com,Database Administrator,3+ years,Looking for a skilled Database Administrator to join our dynamic team at TechNova Solutions 1.,"SQL, MySQL, MongoDB","Leadership, Mentoring",Germany,California,San Francisco,94974,80731,162234,USD,Yearly,Develop and maintain applications for TechNova Solutions 1 clients.,Part-time,Hybrid,active
d0342c35-3d70-4216-8ffa-2f13a039537e,09489f1f-6731-478d-b529-7cb7d2b1ccb6,John Doe 1,contact1@technova1.com,Software Engineer,3+ years,Looking for a skilled Software Engineer to join our dynamic team at TechNova Solutions 1.,"Machine Learning, AI, TensorFlow","Problem Solving, Creativity",Australia,California,San Francisco,94507,86349,172241,USD,Yearly,Develop and maintain applications for TechNova Solutions 1 clients.,Remote,Hybrid,active
829452a0-e1ab-41a4-8483-01061993924f,09489f1f-6731-478d-b529-7cb7d2b1ccb6,John Doe 1,contact1@technova1.com,UI/UX Designer,1+ years,Looking for a skilled UI/UX Designer to join our dynamic team at TechNova Solutions 1.,"SQL, MySQL, MongoDB","Leadership, Mentoring",Australia,California,San Francisco,94114,74055,174567,USD,Yearly,Develop and maintain applications for TechNova Solutions 1 clients.,Remote,Remote,active
032b1d94-4730-41ce-ba8b-3c4e7bd402c9,050a6dc6-dad6-4e99-9d93-6f435b92a4ac,John Doe 2,contact2@technova2.com,DevOps Engineer,7+ years,Looking for a skilled DevOps Engineer to join our dynamic team at TechNova Solutions 2.,"Python, Django, REST APIs","Communication, Teamwork",USA,California,San Francisco,94414,72769,112350,USD,Yearly,Develop and maintain applications for TechNova Solutions 2 clients.,Contract,On-site,active
a07be284-801d-4b16-85b9-f00309401b1f,050a6dc6-dad6-4e99-9d93-6f435b92a4ac,John Doe 2,contact2@technova2.com,DevOps Engineer,4+ years,Looking for a skilled DevOps Engineer to join our dynamic team at TechNova Solutions 2.,"AWS, Docker, Kubernetes","Leadership, Mentoring",USA,California,San Francisco,94850,68638,129521,USD,Yearly,Develop and maintain applications for TechNova Solutions 2 clients.,Contract,Remote,active
f07add1a-bcd2-4b2f-9371-d165032af76b,050a6dc6-dad6-4e99-9d93-6f435b92a4ac,John Doe 2,contact2@technova2.com,Mobile App Developer,3+ years,Looking for a skilled Mobile App Developer to join our dynamic team at TechNova Solutions 2.,"Machine Learning, AI, TensorFlow","Communication, Teamwork",UK,California,San Francisco,94196,77362,179795,USD,Yearly,Develop and maintain applications for TechNova Solutions 2 clients.,Internship,Hybrid,active
7d23b991-d3ed-4a43-aba3-8402740c3adf,050a6dc6-dad6-4e99-9d93-6f435b92a4ac,John Doe 2,contact2@technova2.com,Mobile App Developer,6+ years,Looking for a skilled Mobile App Developer to join our dynamic team at TechNova Solutions 2.,"Python, Django, REST APIs","Problem Solving, Creativity",Germany,California,San Francisco,94881,60289,137265,USD,Yearly,Develop and maintain applications for TechNova Solutions 2 clients.,Internship,Hybrid,active
a8522d15-cf23-423c-a794-7dc6cf572c22,050a6dc6-dad6-4e99-9d93-6f435b92a4ac,John Doe 2,contact2@technova2.com,Frontend Developer,4+ years,Looking for a skilled Frontend Developer to join our dynamic team at TechNova Solutions 2.,"Python, Django, REST APIs","Agile, Scrum",Australia,California,San Francisco,94332,84888,120063,USD,Yearly,Develop and maintain applications for TechNova Solutions 2 clients.,Contract,On-site,active
2d421268-fd25-4cc0-b4fd-3d10d2d48eb8,050a6dc6-dad6-4e99-9d93-6f435b92a4ac,John Doe 2,contact2@technova2.com,Cloud Architect,1+ years,Looking for a skilled Cloud Architect to join our dynamic team at TechNova Solutions 2.,"Python, Django, REST APIs","Agile, Scrum",Canada,California,San Francisco,94394,91812,126978,USD,Yearly,Develop and maintain applications for TechNova Solutions 2 clients.,Full-time,Hybrid,active
b6c003b7-bb92-4ccc-8b5a-7f1aa961bdbc,050a6dc6-dad6-4e99-9d93-6f435b92a4ac,John Doe 2,contact2@technova2.com,Frontend Developer,1+ years,Looking for a skilled Frontend Developer to join our dynamic team at TechNova Solutions 2.,"Python, Django, REST APIs","Leadership, Mentoring",USA,California,San Francisco,94390,97842,169629,USD,Yearly,Develop and maintain applications for TechNova Solutions 2 clients.,Contract,Hybrid,active
892a39fb-e393-484a-b1a7-3f3c55ea8690,050a6dc6-dad6-4e99-9d93-6f435b92a4ac,John Doe 2,contact2@technova2.com,AI Engineer,7+ years,Looking for a skilled AI Engineer to join our dynamic team at TechNova Solutions 2.,"JavaScript, Node.js, React","Agile, Scrum",USA,California,San Francisco,94900,72306,165624,USD,Yearly,Develop and maintain applications for TechNova Solutions 2 clients.,Internship,On-site,active
356e8603-0b70-457f-978f-32bf4ab794c3,050a6dc6-dad6-4e99-9d93-6f435b92a4ac,John Doe 2,contact2@technova2.com,AI Engineer,2+ years,Looking for a skilled AI Engineer to join our dynamic team at TechNova Solutions 2.,"Machine Learning, AI, TensorFlow","Communication, Teamwork",India,California,San Francisco,94394,76290,115028,USD,Yearly,Develop and maintain applications for TechNova Solutions 2 clients.,Internship,On-site,active
96bca420-d10c-4714-b67d-c44745bf9d0a,050a6dc6-dad6-4e99-9d93-6f435b92a4ac,John Doe 2,contact2@technova2.com,Frontend Developer,4+ years,Looking for a skilled Frontend Developer to join our dynamic team at TechNova Solutions 2.,"Python, Django, REST APIs","Communication, Teamwork",Canada,California,San Francisco,94527,82141,145792,USD,Yearly,Develop and maintain applications for TechNova Solutions 2 clients.,Internship,Hybrid,active
e51a1700-d1b2-4369-8ffa-37a522310cd6,0da1c49f-64e4-4ae1-8e8c-ca8c05b3390d,John Doe 3,contact3@technova3.com,Frontend Developer,6+ years,Looking for a skilled Frontend Developer to join our dynamic team at TechNova Solutions 3.,"AWS, Docker, Kubernetes","Leadership, Mentoring",USA,California,San Francisco,94677,67484,163592,USD,Yearly,Develop and maintain applications for TechNova Solutions 3 clients.,Part-time,Remote,active
40146890-e9bb-404d-a171-3a9aabf8b015,0da1c49f-64e4-4ae1-8e8c-ca8c05b3390d,John Doe 3,contact3@technova3.com,Project Manager,8+ years,Looking for a skilled Project Manager to join our dynamic team at TechNova Solutions 3.,"Machine Learning, AI, TensorFlow","Problem Solving, Creativity",Germany,California,San Francisco,94588,87412,151849,USD,Yearly,Develop and maintain applications for TechNova Solutions 3 clients.,Contract,Hybrid,active
16458ec3-825a-413b-9ff8-e273cdb2916f,0da1c49f-64e4-4ae1-8e8c-ca8c05b3390d,John Doe 3,contact3@technova3.com,Frontend Developer,5+ years,Looking for a skilled Frontend Developer to join our dynamic team at TechNova Solutions 3.,"Machine Learning, AI, TensorFlow","Problem Solving, Creativity",Canada,California,San Francisco,94386,70825,150346,USD,Yearly,Develop and maintain applications for TechNova Solutions 3 clients.,Part-time,Remote,active
ef3f6a5f-64bb-451b-b1e1-38797a100489,0da1c49f-64e4-4ae1-8e8c-ca8c05b3390d,John Doe 3,contact3@technova3.com,Frontend Developer,8+ years,Looking for a skilled Frontend Developer to join our dynamic team at TechNova Solutions 3.,"SQL, MySQL, MongoDB","Problem Solving, Creativity",USA,California,San Francisco,94242,74202,120099,USD,Yearly,Develop and maintain applications for TechNova Solutions 3 clients.,Part-time,Hybrid,active
63628fa6-4337-442a-957f-45a5df27f7ab,0da1c49f-64e4-4ae1-8e8c-ca8c05b3390d,John Doe 3,contact3@technova3.com,Business Analyst,5+ years,Looking for a skilled Business Analyst to join our dynamic team at TechNova Solutions 3.,"SQL, MySQL, MongoDB","Leadership, Mentoring",India,California,San Francisco,94867,75069,152221,USD,Yearly,Develop and maintain applications for TechNova Solutions 3 clients.,Part-time,Hybrid,active
18b9db9b-d5f5-413e-80a5-7ec27132b8dd,0da1c49f-64e4-4ae1-8e8c-ca8c05b3390d,John Doe 3,contact3@technova3.com,UI/UX Designer,3+ years,Looking for a skilled UI/UX Designer to join our dynamic team at TechNova Solutions 3.,"SQL, MySQL, MongoDB","Communication, Teamwork",Australia,California,San Francisco,94188,98400,136343,USD,Yearly,Develop and maintain applications for TechNova Solutions 3 clients.,Internship,Hybrid,active
c21a688f-9576-49bb-8fab-9ee0eedf8bff,0da1c49f-64e4-4ae1-8e8c-ca8c05b3390d,John Doe 3,contact3@technova3.com,AI Engineer,6+ years,Looking for a skilled AI Engineer to join our dynamic team at TechNova Solutions 3.,"AWS, Docker, Kubernetes","Communication, Teamwork",India,California,San Francisco,94942,85659,119907,USD,Yearly,Develop and maintain applications for TechNova Solutions 3 clients.,Full-time,On-site,active
c452809c-5e78-42f3-9cfd-c7121923ff35,0da1c49f-64e4-4ae1-8e8c-ca8c05b3390d,John Doe 3,contact3@technova3.com,AI Engineer,1+ years,Looking for a skilled AI Engineer to join our dynamic team at TechNova Solutions 3.,"Machine Learning, AI, TensorFlow","Leadership, Mentoring",Canada,California,San Francisco,94264,70307,143474,USD,Yearly,Develop and maintain applications for TechNova Solutions 3 clients.,Contract,Remote,active
1866d783-1618-49cb-bd16-043c08c8a6e0,0da1c49f-64e4-4ae1-8e8c-ca8c05b3390d,John Doe 3,contact3@technova3.com,Frontend Developer,2+ years,Looking for a skilled Frontend Developer to join our dynamic team at TechNova Solutions 3.,"AWS, Docker, Kubernetes","Problem Solving, Creativity",Germany,California,San Francisco,94400,91159,128061,USD,Yearly,Develop and maintain applications for TechNova Solutions 3 clients.,Internship,Hybrid,active
7ac4a681-525b-4bba-a13c-a42111d6b6da,0da1c49f-64e4-4ae1-8e8c-ca8c05b3390d,John Doe 3,contact3@technova3.com,DevOps Engineer,2+ years,Looking for a skilled DevOps Engineer to join our dynamic team at TechNova Solutions 3.,"SQL, MySQL, MongoDB","Communication, Teamwork",Canada,California,San Francisco,94340,97440,127899,USD,Yearly,Develop and maintain applications for TechNova Solutions 3 clients.,Internship,On-site,active
1aeeb08e-47c5-4a22-b645-2717075d6c0e,6626a915-a5b2-4bb3-b9ef-145f255ad139,John Doe 4,contact4@technova4.com,Frontend Developer,4+ years,Looking for a skilled Frontend Developer to join our dynamic team at TechNova Solutions 4.,"SQL, MySQL, MongoDB","Leadership, Mentoring",Australia,California,San Francisco,94323,86799,172178,USD,Yearly,Develop and maintain applications for TechNova Solutions 4 clients.,Full-time,On-site,active
0f7ee3c5-20b3-4b9b-9a19-8239db9744f4,6626a915-a5b2-4bb3-b9ef-145f255ad139,John Doe 4,contact4@technova4.com,Mobile App Developer,5+ years,Looking for a skilled Mobile App Developer to join our dynamic team at TechNova Solutions 4.,"SQL, MySQL, MongoDB","Communication, Teamwork",Australia,California,San Francisco,94754,98295,129659,USD,Yearly,Develop and maintain applications for TechNova Solutions 4 clients.,Internship,On-site,active
fd91ac89-0e46-42e1-9202-89dc718efa65,6626a915-a5b2-4bb3-b9ef-145f255ad139,John Doe 4,contact4@technova4.com,Database Administrator,7+ years,Looking for a skilled Database Administrator to join our dynamic team at TechNova Solutions 4.,"AWS, Docker, Kubernetes","Problem Solving, Creativity",UK,California,San Francisco,94364,99371,160779,USD,Yearly,Develop and maintain applications for TechNova Solutions 4 clients.,Internship,Hybrid,active
45ee7736-9ba5-473e-b855-60dcec67140c,6626a915-a5b2-4bb3-b9ef-145f255ad139,John Doe 4,contact4@technova4.com,AI Engineer,8+ years,Looking for a skilled AI Engineer to join our dynamic team at TechNova Solutions 4.,"JavaScript, Node.js, React","Communication, Teamwork",India,California,San Francisco,94826,76320,110329,USD,Yearly,Develop and maintain applications for TechNova Solutions 4 clients.,Remote,Remote,active
e85f67f0-0a64-4795-9a72-c7a71b55fd21,6626a915-a5b2-4bb3-b9ef-145f255ad139,John Doe 4,contact4@technova4.com,Cloud Architect,8+ years,Looking for a skilled Cloud Architect to join our dynamic team at TechNova Solutions 4.,"SQL, MySQL, MongoDB","Communication, Teamwork",India,California,San Francisco,94151,78647,127844,USD,Yearly,Develop and maintain applications for TechNova Solutions 4 clients.,Contract,On-site,active
e0c72cf7-9b27-4548-9849-0154e10c245d,6626a915-a5b2-4bb3-b9ef-145f255ad139,John Doe 4,contact4@technova4.com,QA Engineer,1+ years,Looking for a skilled QA Engineer to join our dynamic team at TechNova Solutions 4.,"JavaScript, Node.js, React","Problem Solving, Creativity",Germany,California,San Francisco,94439,84513,155128,USD,Yearly,Develop and maintain applications for TechNova Solutions 4 clients.,Full-time,Remote,active
3a27252a-97a0-4431-842f-b9938e91f71c,6626a915-a5b2-4bb3-b9ef-145f255ad139,John Doe 4,contact4@technova4.com,DevOps Engineer,6+ years,Looking for a skilled DevOps Engineer to join our dynamic team at TechNova Solutions 4.,"Python, Django, REST APIs","Communication, Teamwork",Canada,California,San Francisco,94319,74048,137092,USD,Yearly,Develop and maintain applications for TechNova Solutions 4 clients.,Contract,On-site,active
a3981f81-8eb7-476a-bba0-d50bb418dd50,6626a915-a5b2-4bb3-b9ef-145f255ad139,John Doe 4,contact4@technova4.com,QA Engineer,1+ years,Looking for a skilled QA Engineer to join our dynamic team at TechNova Solutions 4.,"Python, Django, REST APIs","Communication, Teamwork",Australia,California,San Francisco,94442,92304,127367,USD,Yearly,Develop and maintain applications for TechNova Solutions 4 clients.,Part-time,On-site,active
4adb9362-7c93-492b-aea0-fcf2faacfb1d,6626a915-a5b2-4bb3-b9ef-145f255ad139,John Doe 4,contact4@technova4.com,Frontend Developer,7+ years,Looking for a skilled Frontend Developer to join our dynamic team at TechNova Solutions 4.,"SQL, MySQL, MongoDB","Communication, Teamwork",India,California,San Francisco,94288,69335,136019,USD,Yearly,Develop and maintain applications for TechNova Solutions 4 clients.,Full-time,Hybrid,active
855ff0a1-070f-4c4f-9a0f-c935e26d09ac,6626a915-a5b2-4bb3-b9ef-145f255ad139,John Doe 4,contact4@technova4.com,Backend Developer,8+ years,Looking for a skilled Backend Developer to join our dynamic team at TechNova Solutions 4.,"JavaScript, Node.js, React","Agile, Scrum",UK,California,San Francisco,94277,98151,126822,USD,Yearly,Develop and maintain applications for TechNova Solutions 4 clients.,Remote,Remote,active
39d65ffc-d1d9-4e5a-a6b6-e64b54d99d37,b8e947f7-041a-40c7-953c-4d76bfdfc6d4,John Doe 5,contact5@technova5.com,Cloud Architect,8+ years,Looking for a skilled Cloud Architect to join our dynamic team at TechNova Solutions 5.,"Machine Learning, AI, TensorFlow","Leadership, Mentoring",UK,California,San Francisco,94437,73819,117384,USD,Yearly,Develop and maintain applications for TechNova Solutions 5 clients.,Contract,On-site,active
c56b5015-c45b-4408-b07c-cb39970b6e6c,b8e947f7-041a-40c7-953c-4d76bfdfc6d4,John Doe 5,contact5@technova5.com,QA Engineer,2+ years,Looking for a skilled QA Engineer to join our dynamic team at TechNova Solutions 5.,"AWS, Docker, Kubernetes","Communication, Teamwork",Germany,California,San Francisco,94468,94493,132522,USD,Yearly,Develop and maintain applications for TechNova Solutions 5 clients.,Full-time,Remote,active
5dcae472-b7ab-4888-a14a-d0c1cdae695e,b8e947f7-041a-40c7-953c-4d76bfdfc6d4,John Doe 5,contact5@technova5.com,Backend Developer,8+ years,Looking for a skilled Backend Developer to join our dynamic team at TechNova Solutions 5.,"SQL, MySQL, MongoDB","Leadership, Mentoring",Canada,California,San Francisco,94205,74039,152776,USD,Yearly,Develop and maintain applications for TechNova Solutions 5 clients.,Full-time,Remote,active
c80e4a62-47b2-4741-b3ae-47abefb680df,b8e947f7-041a-40c7-953c-4d76bfdfc6d4,John Doe 5,contact5@technova5.com,AI Engineer,6+ years,Looking for a skilled AI Engineer to join our dynamic team at TechNova Solutions 5.,"Machine Learning, AI, TensorFlow","Problem Solving, Creativity",India,California,San Francisco,94620,80201,150692,USD,Yearly,Develop and maintain applications for TechNova Solutions 5 clients.,Internship,Remote,active
0543dc1f-aad1-4db2-b50a-1789001033af,b8e947f7-041a-40c7-953c-4d76bfdfc6d4,John Doe 5,contact5@technova5.com,Project Manager,5+ years,Looking for a skilled Project Manager to join our dynamic team at TechNova Solutions 5.,"Python, Django, REST APIs","Problem Solving, Creativity",India,California,San Francisco,94553,92212,115903,USD,Yearly,Develop and maintain applications for TechNova Solutions 5 clients.,Contract,On-site,active
03b83bfa-9903-479a-b1df-2b0ddcb6e289,b8e947f7-041a-40c7-953c-4d76bfdfc6d4,John Doe 5,contact5@technova5.com,AI Engineer,7+ years,Looking for a skilled AI Engineer to join our dynamic team at TechNova Solutions 5.,"AWS, Docker, Kubernetes","Communication, Teamwork",Germany,California,San Francisco,94927,93009,159032,USD,Yearly,Develop and maintain applications for TechNova Solutions 5 clients.,Internship,Hybrid,active
db91ccfe-1f6f-464c-b8ca-f624db2c4a93,b8e947f7-041a-40c7-953c-4d76bfdfc6d4,John Doe 5,contact5@technova5.com,DevOps Engineer,5+ years,Looking for a skilled DevOps Engineer to join our dynamic team at TechNova Solutions 5.,"AWS, Docker, Kubernetes","Agile, Scrum",UK,California,San Francisco,94605,63946,174302,USD,Yearly,Develop and maintain applications for TechNova Solutions 5 clients.,Contract,Hybrid,active
7070e6aa-11f6-4e74-a80b-36afeca48ed6,b8e947f7-041a-40c7-953c-4d76bfdfc6d4,John Doe 5,contact5@technova5.com,Cloud Architect,7+ years,Looking for a skilled Cloud Architect to join our dynamic team at TechNova Solutions 5.,"AWS, Docker, Kubernetes","Leadership, Mentoring",Australia,California,San Francisco,94674,63764,172267,USD,Yearly,Develop and maintain applications for TechNova Solutions 5 clients.,Contract,Remote,active
9874de56-75a3-42f5-a973-1ee529c728d3,b8e947f7-041a-40c7-953c-4d76bfdfc6d4,John Doe 5,contact5@technova5.com,UI/UX Designer,8+ years,Looking for a skilled UI/UX Designer to join our dynamic team at TechNova Solutions 5.,"AWS, Docker, Kubernetes","Problem Solving, Creativity",Germany,California,San Francisco,94626,63700,171404,USD,Yearly,Develop and maintain applications for TechNova Solutions 5 clients.,Internship,Hybrid,active
94bc5616-1caa-4777-aa2b-abe86ff167b3,b8e947f7-041a-40c7-953c-4d76bfdfc6d4,John Doe 5,contact5@technova5.com,Frontend Developer,8+ years,Looking for a skilled Frontend Developer to join our dynamic team at TechNova Solutions 5.,"JavaScript, Node.js, React","Problem Solving, Creativity",Canada,California,San Francisco,94475,72179,161588,USD,Yearly,Develop and maintain applications for TechNova Solutions 5 clients.,Remote,On-site,active
6ced2dd0-8146-4bb4-ae94-ea18ae38a132,e4376ff5-3881-46b6-afff-824af2d755ef,John Doe 6,contact6@technova6.com,Software Engineer,2+ years,Looking for a skilled Software Engineer to join our dynamic team at TechNova Solutions 6.,"SQL, MySQL, MongoDB","Problem Solving, Creativity",Canada,California,San Francisco,94222,66699,114486,USD,Yearly,Develop and maintain applications for TechNova Solutions 6 clients.,Internship,Remote,active
fa4c55f5-00af-4c05-bcbb-91db9b72a3da,e4376ff5-3881-46b6-afff-824af2d755ef,John Doe 6,contact6@technova6.com,UI/UX Designer,1+ years,Looking for a skilled UI/UX Designer to join our dynamic team at TechNova Solutions 6.,"Python, Django, REST APIs","Agile, Scrum",Germany,California,San Francisco,94638,99797,160076,USD,Yearly,Develop and maintain applications for TechNova Solutions 6 clients.,Remote,Hybrid,active
4515a85c-6700-4179-84b8-108e8870085c,e4376ff5-3881-46b6-afff-824af2d755ef,John Doe 6,contact6@technova6.com,Backend Developer,7+ years,Looking for a skilled Backend Developer to join our dynamic team at TechNova Solutions 6.,"JavaScript, Node.js, React","Communication, Teamwork",UK,California,San Francisco,94775,87615,155350,USD,Yearly,Develop and maintain applications for TechNova Solutions 6 clients.,Internship,Hybrid,active
c415fa1f-16d3-4741-a181-2629b4633e14,e4376ff5-3881-46b6-afff-824af2d755ef,John Doe 6,contact6@technova6.com,Business Analyst,3+ years,Looking for a skilled Business Analyst to join our dynamic team at TechNova Solutions 6.,"SQL, MySQL, MongoDB","Agile, Scrum",USA,California,San Francisco,94486,83645,148703,USD,Yearly,Develop and maintain applications for TechNova Solutions 6 clients.,Remote,On-site,active
d13e0cda-fa5e-43da-8994-777aea37378d,e4376ff5-3881-46b6-afff-824af2d755ef,John Doe 6,contact6@technova6.com,Software Engineer,6+ years,Looking for a skilled Software Engineer to join our dynamic team at TechNova Solutions 6.,"JavaScript, Node.js, React","Communication, Teamwork",India,California,San Francisco,94787,91877,159555,USD,Yearly,Develop and maintain applications for TechNova Solutions 6 clients.,Full-time,Hybrid,active
2b978d0d-e479-48a4-ae27-bff60441a1c7,e4376ff5-3881-46b6-afff-824af2d755ef,John Doe 6,contact6@technova6.com,AI Engineer,7+ years,Looking for a skilled AI Engineer to join our dynamic team at TechNova Solutions 6.,"JavaScript, Node.js, React","Problem Solving, Creativity",Germany,California,San Francisco,94485,83627,127502,USD,Yearly,Develop and maintain applications for TechNova Solutions 6 clients.,Remote,On-site,active
d1986af1-0fa6-480d-82ec-3dac2fe0c1aa,e4376ff5-3881-46b6-afff-824af2d755ef,John Doe 6,contact6@technova6.com,Cloud Architect,7+ years,Looking for a skilled Cloud Architect to join our dynamic team at TechNova Solutions 6.,"SQL, MySQL, MongoDB","Communication, Teamwork",UK,California,San Francisco,94290,64577,176374,USD,Yearly,Develop and maintain applications for TechNova Solutions 6 clients.,Remote,Hybrid,active
df1bda7f-856a-4b9f-9ff8-76b5401079f7,e4376ff5-3881-46b6-afff-824af2d755ef,John Doe 6,contact6@technova6.com,Business Analyst,4+ years,Looking for a skilled Business Analyst to join our dynamic team at TechNova Solutions 6.,"SQL, MySQL, MongoDB","Leadership, Mentoring",Germany,California,San Francisco,94760,72494,115616,USD,Yearly,Develop and maintain applications for TechNova Solutions 6 clients.,Contract,Hybrid,active
a4e01ae9-c3b0-4dc5-8798-40638983f901,e4376ff5-3881-46b6-afff-824af2d755ef,John Doe 6,contact6@technova6.com,Backend Developer,3+ years,Looking for a skilled Backend Developer to join our dynamic team at TechNova Solutions 6.,"JavaScript, Node.js, React","Communication, Teamwork",Australia,California,San Francisco,94717,84953,153890,USD,Yearly,Develop and maintain applications for TechNova Solutions 6 clients.,Remote,Hybrid,active
ee2e986b-1523-454c-b6eb-f7c3271070f9,e4376ff5-3881-46b6-afff-824af2d755ef,John Doe 6,contact6@technova6.com,Product Owner,1+ years,Looking for a skilled Product Owner to join our dynamic team at TechNova Solutions 6.,"Machine Learning, AI, TensorFlow","Leadership, Mentoring",UK,California,San Francisco,94314,88803,167321,USD,Yearly,Develop and maintain applications for TechNova Solutions 6 clients.,Full-time,Hybrid,active
50bcf5bb-fccd-4307-bb90-2fa56e100d55,85f99ba2-ea45-4df0-ac44-3989c3f24167,John Doe 7,contact7@technova7.com,Product Owner,8+ years,Looking for a skilled Product Owner to join our dynamic team at TechNova Solutions 7.,"Python, Django, REST APIs","Communication, Teamwork",Germany,California,San Francisco,94273,86704,166847,USD,Yearly,Develop and maintain applications for TechNova Solutions 7 clients.,Part-time,Hybrid,active
a5941ecf-75dc-4a43-9f9e-86d09b8bd0af,85f99ba2-ea45-4df0-ac44-3989c3f24167,John Doe 7,contact7@technova7.com,Product Owner,2+ years,Looking for a skilled Product Owner to join our dynamic team at TechNova Solutions 7.,"JavaScript, Node.js, React","Communication, Teamwork",India,California,San Francisco,94170,92650,134560,USD,Yearly,Develop and maintain applications for TechNova Solutions 7 clients.,Part-time,Hybrid,active
83e061ff-a111-4cfd-a19c-b71a11e4483a,85f99ba2-ea45-4df0-ac44-3989c3f24167,John Doe 7,contact7@technova7.com,Frontend Developer,1+ years,Looking for a skilled Frontend Developer to join our dynamic team at TechNova Solutions 7.,"JavaScript, Node.js, React","Leadership, Mentoring",UK,California,San Francisco,94821,64553,162644,USD,Yearly,Develop and maintain applications for TechNova Solutions 7 clients.,Internship,Remote,active
ba8c2c42-418a-4e25-b526-19c56e726ab8,85f99ba2-ea45-4df0-ac44-3989c3f24167,John Doe 7,contact7@technova7.com,Business Analyst,1+ years,Looking for a skilled Business Analyst to join our dynamic team at TechNova Solutions 7.,"Machine Learning, AI, TensorFlow","Leadership, Mentoring",UK,California,San Francisco,94405,75717,161671,USD,Yearly,Develop and maintain applications for TechNova Solutions 7 clients.,Internship,Hybrid,active
72d1b723-4b77-49c3-ad9b-0ed91bf8b450,85f99ba2-ea45-4df0-ac44-3989c3f24167,John Doe 7,contact7@technova7.com,Mobile App Developer,3+ years,Looking for a skilled Mobile App Developer to join our dynamic team at TechNova Solutions 7.,"AWS, Docker, Kubernetes","Communication, Teamwork",Australia,California,San Francisco,94507,63576,122047,USD,Yearly,Develop and maintain applications for TechNova Solutions 7 clients.,Contract,On-site,active
72dba8ea-33be-41f1-b767-fffc9221eed3,85f99ba2-ea45-4df0-ac44-3989c3f24167,John Doe 7,contact7@technova7.com,Full Stack Developer,1+ years,Looking for a skilled Full Stack Developer to join our dynamic team at TechNova Solutions 7.,"JavaScript, Node.js, React","Communication, Teamwork",USA,California,San Francisco,94767,98771,155793,USD,Yearly,Develop and maintain applications for TechNova Solutions 7 clients.,Part-time,On-site,active
60efcb9a-54b7-46fb-9ee4-977b245e7691,85f99ba2-ea45-4df0-ac44-3989c3f24167,John Doe 7,contact7@technova7.com,Full Stack Developer,2+ years,Looking for a skilled Full Stack Developer to join our dynamic team at TechNova Solutions 7.,"AWS, Docker, Kubernetes","Leadership, Mentoring",Canada,California,San Francisco,94712,91498,172483,USD,Yearly,Develop and maintain applications for TechNova Solutions 7 clients.,Full-time,Remote,active
0f2df421-013b-4f81-a0ee-a9bbd0470bb4,85f99ba2-ea45-4df0-ac44-3989c3f24167,John Doe 7,contact7@technova7.com,Backend Developer,8+ years,Looking for a skilled Backend Developer to join our dynamic team at TechNova Solutions 7.,"AWS, Docker, Kubernetes","Agile, Scrum",UK,California,San Francisco,94584,82251,164595,USD,Yearly,Develop and maintain applications for TechNova Solutions 7 clients.,Full-time,On-site,active
4e9744cd-9c48-4b51-af39-8a9f33dae49f,85f99ba2-ea45-4df0-ac44-3989c3f24167,John Doe 7,contact7@technova7.com,AI Engineer,1+ years,Looking for a skilled AI Engineer to join our dynamic team at TechNova Solutions 7.,"Machine Learning, AI, TensorFlow","Agile, Scrum",Germany,California,San Francisco,94231,65902,140803,USD,Yearly,Develop and maintain applications for TechNova Solutions 7 clients.,Internship,Hybrid,active
da095a64-facc-4a0b-bcc6-d04b9ce8656c,85f99ba2-ea45-4df0-ac44-3989c3f24167,John Doe 7,contact7@technova7.com,UI/UX Designer,2+ years,Looking for a skilled UI/UX Designer to join our dynamic team at TechNova Solutions 7.,"Machine Learning, AI, TensorFlow","Agile, Scrum",Canada,California,San Francisco,94712,79820,154490,USD,Yearly,Develop and maintain applications for TechNova Solutions 7 clients.,Part-time,Hybrid,active
86534d5c-cc83-46b1-b89a-ef68592b58ed,b7cca505-70ab-4c16-80a9-d0242ee976b1,John Doe 8,contact8@technova8.com,DevOps Engineer,3+ years,Looking for a skilled DevOps Engineer to join our dynamic team at TechNova Solutions 8.,"JavaScript, Node.js, React","Agile, Scrum",Australia,California,San Francisco,94690,62138,110620,USD,Yearly,Develop and maintain applications for TechNova Solutions 8 clients.,Contract,Hybrid,active
7599cbe1-623f-466a-8e03-3356f69a1a1c,b7cca505-70ab-4c16-80a9-d0242ee976b1,John Doe 8,contact8@technova8.com,Software Engineer,2+ years,Looking for a skilled Software Engineer to join our dynamic team at TechNova Solutions 8.,"SQL, MySQL, MongoDB","Communication, Teamwork",Canada,California,San Francisco,94502,65223,160549,USD,Yearly,Develop and maintain applications for TechNova Solutions 8 clients.,Internship,Remote,active
95be9121-12f9-40b3-85ff-624bee4fe21b,b7cca505-70ab-4c16-80a9-d0242ee976b1,John Doe 8,contact8@technova8.com,Cloud Architect,7+ years,Looking for a skilled Cloud Architect to join our dynamic team at TechNova Solutions 8.,"Machine Learning, AI, TensorFlow","Agile, Scrum",Australia,California,San Francisco,94763,71947,125296,USD,Yearly,Develop and maintain applications for TechNova Solutions 8 clients.,Part-time,Remote,active
f8873321-d6b4-4a70-abde-5a666f15b027,b7cca505-70ab-4c16-80a9-d0242ee976b1,John Doe 8,contact8@technova8.com,Software Engineer,7+ years,Looking for a skilled Software Engineer to join our dynamic team at TechNova Solutions 8.,"Machine Learning, AI, TensorFlow","Problem Solving, Creativity",UK,California,San Francisco,94478,67712,149253,USD,Yearly,Develop and maintain applications for TechNova Solutions 8 clients.,Internship,Hybrid,active
97705d6d-188e-4d14-bf65-3fd2e8d6c199,b7cca505-70ab-4c16-80a9-d0242ee976b1,John Doe 8,contact8@technova8.com,Frontend Developer,3+ years,Looking for a skilled Frontend Developer to join our dynamic team at TechNova Solutions 8.,"Python, Django, REST APIs","Leadership, Mentoring",USA,California,San Francisco,94365,77532,142670,USD,Yearly,Develop and maintain applications for TechNova Solutions 8 clients.,Full-time,On-site,active
553ebf6d-b50b-460b-b90e-1b26f38e6615,b7cca505-70ab-4c16-80a9-d0242ee976b1,John Doe 8,contact8@technova8.com,AI Engineer,6+ years,Looking for a skilled AI Engineer to join our dynamic team at TechNova Solutions 8.,"Machine Learning, AI, TensorFlow","Problem Solving, Creativity",UK,California,San Francisco,94733,61990,154543,USD,Yearly,Develop and maintain applications for TechNova Solutions 8 clients.,Remote,Remote,active
fba75c8a-2434-4081-bdd3-93e46b40e8d1,b7cca505-70ab-4c16-80a9-d0242ee976b1,John Doe 8,contact8@technova8.com,DevOps Engineer,7+ years,Looking for a skilled DevOps Engineer to join our dynamic team at TechNova Solutions 8.,"Machine Learning, AI, TensorFlow","Communication, Teamwork",USA,California,San Francisco,94186,78908,167327,USD,Yearly,Develop and maintain applications for TechNova Solutions 8 clients.,Internship,Remote,active
2899c256-206d-4d54-8d12-22b1ffbb1565,b7cca505-70ab-4c16-80a9-d0242ee976b1,John Doe 8,contact8@technova8.com,Software Engineer,3+ years,Looking for a skilled Software Engineer to join our dynamic team at TechNova Solutions 8.,"Python, Django, REST APIs","Communication, Teamwork",Canada,California,San Francisco,94409,63229,125993,USD,Yearly,Develop and maintain applications for TechNova Solutions 8 clients.,Remote,Remote,active
84d9de63-300e-431d-a3f7-a633659baac2,b7cca505-70ab-4c16-80a9-d0242ee976b1,John Doe 8,contact8@technova8.com,Cloud Architect,3+ years,Looking for a skilled Cloud Architect to join our dynamic team at TechNova Solutions 8.,"Machine Learning, AI, TensorFlow","Communication, Teamwork",Canada,California,San Francisco,94795,98420,157652,USD,Yearly,Develop and maintain applications for TechNova Solutions 8 clients.,Contract,Hybrid,active
942e3004-be19-4a1d-90fa-ef83c3ea0fbe,b7cca505-70ab-4c16-80a9-d0242ee976b1,John Doe 8,contact8@technova8.com,Business Analyst,5+ years,Looking for a skilled Business Analyst to join our dynamic team at TechNova Solutions 8.,"JavaScript, Node.js, React","Communication, Teamwork",Germany,California,San Francisco,94833,92697,123016,USD,Yearly,Develop and maintain applications for TechNova Solutions 8 clients.,Remote,On-site,active
1329e842-2520-4aea-841a-a3f2fa69513e,6e74b51a-02ae-460c-a3a1-b57beeb69d12,John Doe 9,contact9@technova9.com,Data Scientist,3+ years,Looking for a skilled Data Scientist to join our dynamic team at TechNova Solutions 9.,"JavaScript, Node.js, React","Agile, Scrum",UK,California,San Francisco,94981,65661,141216,USD,Yearly,Develop and maintain applications for TechNova Solutions 9 clients.,Remote,Hybrid,active
40d844f4-6e7d-4223-8284-a2d5c5939572,6e74b51a-02ae-460c-a3a1-b57beeb69d12,John Doe 9,contact9@technova9.com,AI Engineer,3+ years,Looking for a skilled AI Engineer to join our dynamic team at TechNova Solutions 9.,"Python, Django, REST APIs","Agile, Scrum",Australia,California,San Francisco,94846,83139,173319,USD,Yearly,Develop and maintain applications for TechNova Solutions 9 clients.,Remote,Hybrid,active
2bb133c5-ebbd-4b18-95d1-eb659fe003d3,6e74b51a-02ae-460c-a3a1-b57beeb69d12,John Doe 9,contact9@technova9.com,Mobile App Developer,1+ years,Looking for a skilled Mobile App Developer to join our dynamic team at TechNova Solutions 9.,"SQL, MySQL, MongoDB","Agile, Scrum",Australia,California,San Francisco,94496,86385,135719,USD,Yearly,Develop and maintain applications for TechNova Solutions 9 clients.,Remote,Hybrid,active
fbe78b51-87e6-4488-8fb9-c1959d5827e6,6e74b51a-02ae-460c-a3a1-b57beeb69d12,John Doe 9,contact9@technova9.com,Mobile App Developer,6+ years,Looking for a skilled Mobile App Developer to join our dynamic team at TechNova Solutions 9.,"AWS, Docker, Kubernetes","Problem Solving, Creativity",USA,California,San Francisco,94522,90158,156299,USD,Yearly,Develop and maintain applications for TechNova Solutions 9 clients.,Full-time,On-site,active
b3a8dbd6-b6a8-4b44-84db-0b094677b78c,6e74b51a-02ae-460c-a3a1-b57beeb69d12,John Doe 9,contact9@technova9.com,Data Scientist,6+ years,Looking for a skilled Data Scientist to join our dynamic team at TechNova Solutions 9.,"Python, Django, REST APIs","Agile, Scrum",Canada,California,San Francisco,94315,65596,168071,USD,Yearly,Develop and maintain applications for TechNova Solutions 9 clients.,Remote,Remote,active
64577e71-74a4-4817-945e-ce5d97b7eba1,6e74b51a-02ae-460c-a3a1-b57beeb69d12,John Doe 9,contact9@technova9.com,Database Administrator,5+ years,Looking for a skilled Database Administrator to join our dynamic team at TechNova Solutions 9.,"JavaScript, Node.js, React","Agile, Scrum",UK,California,San Francisco,94607,80221,110304,USD,Yearly,Develop and maintain applications for TechNova Solutions 9 clients.,Remote,Remote,active
5e6f5ae8-6aad-4a4e-8e69-7791851580a7,6e74b51a-02ae-460c-a3a1-b57beeb69d12,John Doe 9,contact9@technova9.com,QA Engineer,7+ years,Looking for a skilled QA Engineer to join our dynamic team at TechNova Solutions 9.,"Machine Learning, AI, TensorFlow","Leadership, Mentoring",Germany,California,San Francisco,94827,85459,118032,USD,Yearly,Develop and maintain applications for TechNova Solutions 9 clients.,Remote,Hybrid,active
3f1026ff-adb6-495f-91ff-c1069cb242f1,6e74b51a-02ae-460c-a3a1-b57beeb69d12,John Doe 9,contact9@technova9.com,Software Engineer,1+ years,Looking for a skilled Software Engineer to join our dynamic team at TechNova Solutions 9.,"AWS, Docker, Kubernetes","Communication, Teamwork",Germany,California,San Francisco,94540,75772,121173,USD,Yearly,Develop and maintain applications for TechNova Solutions 9 clients.,Full-time,Hybrid,active
8360ce2f-ceba-4357-bd9e-ba24c4869cbe,6e74b51a-02ae-460c-a3a1-b57beeb69d12,John Doe 9,contact9@technova9.com,UI/UX Designer,5+ years,Looking for a skilled UI/UX Designer to join our dynamic team at TechNova Solutions 9.,"Python, Django, REST APIs","Communication, Teamwork",Germany,California,San Francisco,94503,68565,154731,USD,Yearly,Develop and maintain applications for TechNova Solutions 9 clients.,Contract,Remote,active
7b01154a-f525-4248-882e-f0e8faac2251,6e74b51a-02ae-460c-a3a1-b57beeb69d12,John Doe 9,contact9@technova9.com,Full Stack Developer,8+ years,Looking for a skilled Full Stack Developer to join our dynamic team at TechNova Solutions 9.,"SQL, MySQL, MongoDB","Agile, Scrum",India,California,San Francisco,94858,99699,147043,USD,Yearly,Develop and maintain applications for TechNova Solutions 9 clients.,Internship,Hybrid,active
961a2c4a-f594-4839-9c7f-79064bbdd667,81646ee8-1f4c-4215-8805-c2a16a267dd6,John Doe 10,contact10@technova10.com,Full Stack Developer,1+ years,Looking for a skilled Full Stack Developer to join our dynamic team at TechNova Solutions 10.,"Python, Django, REST APIs","Leadership, Mentoring",India,California,San Francisco,94515,85473,110795,USD,Yearly,Develop and maintain applications for TechNova Solutions 10 clients.,Internship,Remote,active
9e816687-4ffd-446d-8182-16972985706d,81646ee8-1f4c-4215-8805-c2a16a267dd6,John Doe 10,contact10@technova10.com,Data Scientist,8+ years,Looking for a skilled Data Scientist to join our dynamic team at TechNova Solutions 10.,"Python, Django, REST APIs","Agile, Scrum",Canada,California,San Francisco,94492,94598,131116,USD,Yearly,Develop and maintain applications for TechNova Solutions 10 clients.,Remote,Remote,active
91a48121-0f07-4ed5-bf82-a6f4bcde44fe,81646ee8-1f4c-4215-8805-c2a16a267dd6,John Doe 10,contact10@technova10.com,Backend Developer,1+ years,Looking for a skilled Backend Developer to join our dynamic team at TechNova Solutions 10.,"Python, Django, REST APIs","Problem Solving, Creativity",India,California,San Francisco,94673,87833,149181,USD,Yearly,Develop and maintain applications for TechNova Solutions 10 clients.,Remote,Remote,active
036073b9-deb1-4cd0-bb18-e3a11d682e37,81646ee8-1f4c-4215-8805-c2a16a267dd6,John Doe 10,contact10@technova10.com,Frontend Developer,6+ years,Looking for a skilled Frontend Developer to join our dynamic team at TechNova Solutions 10.,"SQL, MySQL, MongoDB","Communication, Teamwork",UK,California,San Francisco,94470,90496,152513,USD,Yearly,Develop and maintain applications for TechNova Solutions 10 clients.,Internship,Remote,active
cfbb6922-539a-4f6a-8640-1adf5f74a81a,81646ee8-1f4c-4215-8805-c2a16a267dd6,John Doe 10,contact10@technova10.com,QA Engineer,8+ years,Looking for a skilled QA Engineer to join our dynamic team at TechNova Solutions 10.,"Machine Learning, AI, TensorFlow","Agile, Scrum",USA,California,San Francisco,94935,86277,166841,USD,Yearly,Develop and maintain applications for TechNova Solutions 10 clients.,Internship,On-site,active
7781288e-6466-41c3-aca1-9635a2b7ffbd,81646ee8-1f4c-4215-8805-c2a16a267dd6,John Doe 10,contact10@technova10.com,Mobile App Developer,7+ years,Looking for a skilled Mobile App Developer to join our dynamic team at TechNova Solutions 10.,"AWS, Docker, Kubernetes","Agile, Scrum",India,California,San Francisco,94690,97972,151439,USD,Yearly,Develop and maintain applications for TechNova Solutions 10 clients.,Part-time,Hybrid,active
37150f69-9481-4702-a663-5db04cf6e9c2,81646ee8-1f4c-4215-8805-c2a16a267dd6,John Doe 10,contact10@technova10.com,Full Stack Developer,5+ years,Looking for a skilled Full Stack Developer to join our dynamic team at TechNova Solutions 10.,"Machine Learning, AI, TensorFlow","Communication, Teamwork",Germany,California,San Francisco,94365,66031,117890,USD,Yearly,Develop and maintain applications for TechNova Solutions 10 clients.,Internship,Hybrid,active
3a2ee6ff-7124-4b63-8d47-be72fce13fa8,81646ee8-1f4c-4215-8805-c2a16a267dd6,John Doe 10,contact10@technova10.com,Business Analyst,7+ years,Looking for a skilled Business Analyst to join our dynamic team at TechNova Solutions 10.,"Python, Django, REST APIs","Communication, Teamwork",UK,California,San Francisco,94133,76818,154206,USD,Yearly,Develop and maintain applications for TechNova Solutions 10 clients.,Part-time,Hybrid,active
169fefa3-fffa-4f04-bcd6-0da1a36ee877,81646ee8-1f4c-4215-8805-c2a16a267dd6,John Doe 10,contact10@technova10.com,Backend Developer,5+ years,Looking for a skilled Backend Developer to join our dynamic team at TechNova Solutions 10.,"AWS, Docker, Kubernetes","Agile, Scrum",USA,California,San Francisco,94943,77764,148951,USD,Yearly,Develop and maintain applications for TechNova Solutions 10 clients.,Remote,Remote,active
db473951-1aef-49fc-a4f1-b64d1b3839b8,81646ee8-1f4c-4215-8805-c2a16a267dd6,John Doe 10,contact10@technova10.com,Full Stack Developer,2+ years,Looking for a skilled Full Stack Developer to join our dynamic team at TechNova Solutions 10.,"JavaScript, Node.js, React","Leadership, Mentoring",USA,California,San Francisco,94377,67654,126048,USD,Yearly,Develop and maintain applications for TechNova Solutions 10 clients.,Contract,On-site,active
bff734f7-fcdd-4b2c-ad75-1b3330eb065a,745e1423-2e41-4fb1-98db-148ffabbf5da,John Doe 11,contact11@technova11.com,UI/UX Designer,7+ years,Looking for a skilled UI/UX Designer to join our dynamic team at TechNova Solutions 11.,"Machine Learning, AI, TensorFlow","Problem Solving, Creativity",Canada,California,San Francisco,94763,93903,132552,USD,Yearly,Develop and maintain applications for TechNova Solutions 11 clients.,Internship,Hybrid,active
c005439a-137f-47ca-aec8-96b12e28ad0e,745e1423-2e41-4fb1-98db-148ffabbf5da,John Doe 11,contact11@technova11.com,Project Manager,1+ years,Looking for a skilled Project Manager to join our dynamic team at TechNova Solutions 11.,"Python, Django, REST APIs","Communication, Teamwork",India,California,San Francisco,94709,79597,119431,USD,Yearly,Develop and maintain applications for TechNova Solutions 11 clients.,Remote,On-site,active
90991e37-e017-4a7a-9fe7-c1dd7aaf525a,745e1423-2e41-4fb1-98db-148ffabbf5da,John Doe 11,contact11@technova11.com,QA Engineer,6+ years,Looking for a skilled QA Engineer to join our dynamic team at TechNova Solutions 11.,"Python, Django, REST APIs","Problem Solving, Creativity",Australia,California,San Francisco,94813,76606,161764,USD,Yearly,Develop and maintain applications for TechNova Solutions 11 clients.,Internship,Hybrid,active
31b53a88-79e1-45c0-86c8-69e34a6b926d,745e1423-2e41-4fb1-98db-148ffabbf5da,John Doe 11,contact11@technova11.com,Software Engineer,8+ years,Looking for a skilled Software Engineer to join our dynamic team at TechNova Solutions 11.,"Python, Django, REST APIs","Agile, Scrum",Germany,California,San Francisco,94491,76958,145132,USD,Yearly,Develop and maintain applications for TechNova Solutions 11 clients.,Contract,On-site,active
a8013eaf-9e50-43d1-bbd7-6526c3fe3b80,745e1423-2e41-4fb1-98db-148ffabbf5da,John Doe 11,contact11@technova11.com,UI/UX Designer,8+ years,Looking for a skilled UI/UX Designer to join our dynamic team at TechNova Solutions 11.,"SQL, MySQL, MongoDB","Agile, Scrum",Canada,California,San Francisco,94354,74651,133484,USD,Yearly,Develop and maintain applications for TechNova Solutions 11 clients.,Part-time,On-site,active
91f63137-94bd-49d9-a987-b8d47d44286b,745e1423-2e41-4fb1-98db-148ffabbf5da,John Doe 11,contact11@technova11.com,Cloud Architect,7+ years,Looking for a skilled Cloud Architect to join our dynamic team at TechNova Solutions 11.,"SQL, MySQL, MongoDB","Leadership, Mentoring",USA,California,San Francisco,94539,83125,117358,USD,Yearly,Develop and maintain applications for TechNova Solutions 11 clients.,Internship,On-site,active
cbe42893-52c0-4429-a870-65172f8490f2,745e1423-2e41-4fb1-98db-148ffabbf5da,John Doe 11,contact11@technova11.com,Mobile App Developer,1+ years,Looking for a skilled Mobile App Developer to join our dynamic team at TechNova Solutions 11.,"SQL, MySQL, MongoDB","Leadership, Mentoring",USA,California,San Francisco,94100,72603,170470,USD,Yearly,Develop and maintain applications for TechNova Solutions 11 clients.,Part-time,Remote,active
2ec6af58-d169-403a-8af0-218087ad7cdf,745e1423-2e41-4fb1-98db-148ffabbf5da,John Doe 11,contact11@technova11.com,Cloud Architect,1+ years,Looking for a skilled Cloud Architect to join our dynamic team at TechNova Solutions 11.,"Python, Django, REST APIs","Problem Solving, Creativity",UK,California,San Francisco,94791,81444,118499,USD,Yearly,Develop and maintain applications for TechNova Solutions 11 clients.,Remote,Remote,active
1c817854-0966-46b6-ac91-ff4b2a6dd443,745e1423-2e41-4fb1-98db-148ffabbf5da,John Doe 11,contact11@technova11.com,Project Manager,2+ years,Looking for a skilled Project Manager to join our dynamic team at TechNova Solutions 11.,"Python, Django, REST APIs","Communication, Teamwork",India,California,San Francisco,94925,88709,155392,USD,Yearly,Develop and maintain applications for TechNova Solutions 11 clients.,Contract,Remote,active
ffdf906c-90ea-4d4d-884f-8cecf2eb219d,745e1423-2e41-4fb1-98db-148ffabbf5da,John Doe 11,contact11@technova11.com,Full Stack Developer,8+ years,Looking for a skilled Full Stack Developer to join our dynamic team at TechNova Solutions 11.,"Python, Django, REST APIs","Communication, Teamwork",Germany,California,San Francisco,94194,70330,166746,USD,Yearly,Develop and maintain applications for TechNova Solutions 11 clients.,Contract,Hybrid,active
6a35b165-18ee-48e3-9ff2-006b7ec4e120,1a181b1a-8959-4f18-9daf-8d1d4825367f,John Doe 12,contact12@technova12.com,UI/UX Designer,7+ years,Looking for a skilled UI/UX Designer to join our dynamic team at TechNova Solutions 12.,"Machine Learning, AI, TensorFlow","Communication, Teamwork",UK,California,San Francisco,94209,91355,142395,USD,Yearly,Develop and maintain applications for TechNova Solutions 12 clients.,Internship,Remote,active
8f448e89-76dc-4827-a58c-4068cb621050,1a181b1a-8959-4f18-9daf-8d1d4825367f,John Doe 12,contact12@technova12.com,AI Engineer,4+ years,Looking for a skilled AI Engineer to join our dynamic team at TechNova Solutions 12.,"SQL, MySQL, MongoDB","Leadership, Mentoring",USA,California,San Francisco,94159,66845,151951,USD,Yearly,Develop and maintain applications for TechNova Solutions 12 clients.,Part-time,Remote,active
d334cea4-d48e-49fb-b622-31e95c467ac2,1a181b1a-8959-4f18-9daf-8d1d4825367f,John Doe 12,contact12@technova12.com,Project Manager,3+ years,Looking for a skilled Project Manager to join our dynamic team at TechNova Solutions 12.,"SQL, MySQL, MongoDB","Agile, Scrum",Australia,California,San Francisco,94457,83330,127753,USD,Yearly,Develop and maintain applications for TechNova Solutions 12 clients.,Remote,On-site,active
b0e912e2-ba10-46bb-b09e-9d05fd93e534,1a181b1a-8959-4f18-9daf-8d1d4825367f,John Doe 12,contact12@technova12.com,DevOps Engineer,8+ years,Looking for a skilled DevOps Engineer to join our dynamic team at TechNova Solutions 12.,"Python, Django, REST APIs","Problem Solving, Creativity",Canada,California,San Francisco,94375,78041,148252,USD,Yearly,Develop and maintain applications for TechNova Solutions 12 clients.,Contract,On-site,active
edf83f37-73df-4767-9685-5accdecf0011,1a181b1a-8959-4f18-9daf-8d1d4825367f,John Doe 12,contact12@technova12.com,Project Manager,3+ years,Looking for a skilled Project Manager to join our dynamic team at TechNova Solutions 12.,"Machine Learning, AI, TensorFlow","Problem Solving, Creativity",Canada,California,San Francisco,94280,96084,178223,USD,Yearly,Develop and maintain applications for TechNova Solutions 12 clients.,Remote,Remote,active
2cfa3a61-dfa8-4fa4-b19b-344a1bf81858,1a181b1a-8959-4f18-9daf-8d1d4825367f,John Doe 12,contact12@technova12.com,Database Administrator,2+ years,Looking for a skilled Database Administrator to join our dynamic team at TechNova Solutions 12.,"AWS, Docker, Kubernetes","Agile, Scrum",UK,California,San Francisco,94972,65797,141419,USD,Yearly,Develop and maintain applications for TechNova Solutions 12 clients.,Remote,Hybrid,active
4b64c734-bbcb-41d9-b0a2-4d91c178e3ed,1a181b1a-8959-4f18-9daf-8d1d4825367f,John Doe 12,contact12@technova12.com,Full Stack Developer,5+ years,Looking for a skilled Full Stack Developer to join our dynamic team at TechNova Solutions 12.,"JavaScript, Node.js, React","Problem Solving, Creativity",India,California,San Francisco,94532,95971,132712,USD,Yearly,Develop and maintain applications for TechNova Solutions 12 clients.,Internship,Hybrid,active
749dd114-ae98-4d61-92c7-cda9d8677390,1a181b1a-8959-4f18-9daf-8d1d4825367f,John Doe 12,contact12@technova12.com,Backend Developer,2+ years,Looking for a skilled Backend Developer to join our dynamic team at TechNova Solutions 12.,"Machine Learning, AI, TensorFlow","Communication, Teamwork",Australia,California,San Francisco,94696,78743,165740,USD,Yearly,Develop and maintain applications for TechNova Solutions 12 clients.,Part-time,On-site,active
f8e241ec-9059-47e6-8e14-1c0eb49623c7,1a181b1a-8959-4f18-9daf-8d1d4825367f,John Doe 12,contact12@technova12.com,Data Scientist,3+ years,Looking for a skilled Data Scientist to join our dynamic team at TechNova Solutions 12.,"JavaScript, Node.js, React","Leadership, Mentoring",UK,California,San Francisco,94494,88320,155531,USD,Yearly,Develop and maintain applications for TechNova Solutions 12 clients.,Internship,On-site,active
9dd7ffb7-47fc-4e09-afb7-5cdf2ae90fb6,1a181b1a-8959-4f18-9daf-8d1d4825367f,John Doe 12,contact12@technova12.com,Project Manager,7+ years,Looking for a skilled Project Manager to join our dynamic team at TechNova Solutions 12.,"Python, Django, REST APIs","Problem Solving, Creativity",USA,California,San Francisco,94347,71993,111796,USD,Yearly,Develop and maintain applications for TechNova Solutions 12 clients.,Contract,Hybrid,active
3be7b8ce-a3f4-460f-9ecc-2276605e6787,969cb825-c593-4744-8a0e-62db322d172d,John Doe 13,contact13@technova13.com,Full Stack Developer,1+ years,Looking for a skilled Full Stack Developer to join our dynamic team at TechNova Solutions 13.,"Python, Django, REST APIs","Leadership, Mentoring",India,California,San Francisco,94267,64895,151044,USD,Yearly,Develop and maintain applications for TechNova Solutions 13 clients.,Full-time,Remote,active
c7f70e01-dd56-48c3-bea3-8d6366d152a5,969cb825-c593-4744-8a0e-62db322d172d,John Doe 13,contact13@technova13.com,Mobile App Developer,3+ years,Looking for a skilled Mobile App Developer to join our dynamic team at TechNova Solutions 13.,"SQL, MySQL, MongoDB","Problem Solving, Creativity",UK,California,San Francisco,94392,98421,123862,USD,Yearly,Develop and maintain applications for TechNova Solutions 13 clients.,Full-time,Remote,active
649b2801-6f77-4706-b00f-4f380779f488,969cb825-c593-4744-8a0e-62db322d172d,John Doe 13,contact13@technova13.com,QA Engineer,6+ years,Looking for a skilled QA Engineer to join our dynamic team at TechNova Solutions 13.,"Python, Django, REST APIs","Communication, Teamwork",India,California,San Francisco,94712,67498,128245,USD,Yearly,Develop and maintain applications for TechNova Solutions 13 clients.,Part-time,Hybrid,active
d21e9b16-64b9-421a-907e-c558df8c7586,969cb825-c593-4744-8a0e-62db322d172d,John Doe 13,contact13@technova13.com,AI Engineer,5+ years,Looking for a skilled AI Engineer to join our dynamic team at TechNova Solutions 13.,"AWS, Docker, Kubernetes","Leadership, Mentoring",Germany,California,San Francisco,94404,97459,178192,USD,Yearly,Develop and maintain applications for TechNova Solutions 13 clients.,Internship,Hybrid,active
811604dc-0395-4d1e-9838-3358b189379d,969cb825-c593-4744-8a0e-62db322d172d,John Doe 13,contact13@technova13.com,QA Engineer,3+ years,Looking for a skilled QA Engineer to join our dynamic team at TechNova Solutions 13.,"AWS, Docker, Kubernetes","Agile, Scrum",UK,California,San Francisco,94890,65668,136544,USD,Yearly,Develop and maintain applications for TechNova Solutions 13 clients.,Part-time,Remote,active
53f83150-4b31-49d2-9f55-be496a393b8f,969cb825-c593-4744-8a0e-62db322d172d,John Doe 13,contact13@technova13.com,QA Engineer,3+ years,Looking for a skilled QA Engineer to join our dynamic team at TechNova Solutions 13.,"JavaScript, Node.js, React","Problem Solving, Creativity",UK,California,San Francisco,94619,82056,145471,USD,Yearly,Develop and maintain applications for TechNova Solutions 13 clients.,Part-time,Remote,active
bc492cd0-fed6-4a44-804d-83a52e6a5b53,969cb825-c593-4744-8a0e-62db322d172d,John Doe 13,contact13@technova13.com,Business Analyst,6+ years,Looking for a skilled Business Analyst to join our dynamic team at TechNova Solutions 13.,"AWS, Docker, Kubernetes","Agile, Scrum",UK,California,San Francisco,94728,86327,176921,USD,Yearly,Develop and maintain applications for TechNova Solutions 13 clients.,Full-time,Hybrid,active
95960b1a-4231-4b04-9991-3ceba6025840,969cb825-c593-4744-8a0e-62db322d172d,John Doe 13,contact13@technova13.com,Project Manager,2+ years,Looking for a skilled Project Manager to join our dynamic team at TechNova Solutions 13.,"Machine Learning, AI, TensorFlow","Agile, Scrum",Canada,California,San Francisco,94549,65217,143270,USD,Yearly,Develop and maintain applications for TechNova Solutions 13 clients.,Internship,On-site,active
1ac8c689-1329-466c-86ef-282495d87850,969cb825-c593-4744-8a0e-62db322d172d,John Doe 13,contact13@technova13.com,Software Engineer,6+ years,Looking for a skilled Software Engineer to join our dynamic team at TechNova Solutions 13.,"JavaScript, Node.js, React","Problem Solving, Creativity",Canada,California,San Francisco,94603,86607,117062,USD,Yearly,Develop and maintain applications for TechNova Solutions 13 clients.,Full-time,On-site,active
c991305f-4ad0-402a-9ee6-0b033702eff0,969cb825-c593-4744-8a0e-62db322d172d,John Doe 13,contact13@technova13.com,QA Engineer,8+ years,Looking for a skilled QA Engineer to join our dynamic team at TechNova Solutions 13.,"AWS, Docker, Kubernetes","Agile, Scrum",Germany,California,San Francisco,94912,98118,116311,USD,Yearly,Develop and maintain applications for TechNova Solutions 13 clients.,Remote,On-site,active
b79dec81-056d-4aa5-99cc-1aa725be150c,ca66b429-fb8e-4686-81f5-2b8e3e673254,John Doe 14,contact14@technova14.com,QA Engineer,5+ years,Looking for a skilled QA Engineer to join our dynamic team at TechNova Solutions 14.,"AWS, Docker, Kubernetes","Leadership, Mentoring",India,California,San Francisco,94201,61858,173211,USD,Yearly,Develop and maintain applications for TechNova Solutions 14 clients.,Part-time,Remote,active
bc3411c5-6083-4ef8-8fee-b301a6d32e8d,ca66b429-fb8e-4686-81f5-2b8e3e673254,John Doe 14,contact14@technova14.com,Business Analyst,7+ years,Looking for a skilled Business Analyst to join our dynamic team at TechNova Solutions 14.,"Machine Learning, AI, TensorFlow","Agile, Scrum",Australia,California,San Francisco,94682,73408,163658,USD,Yearly,Develop and maintain applications for TechNova Solutions 14 clients.,Contract,Remote,active
121c8353-0508-485f-bb0d-736910996c24,ca66b429-fb8e-4686-81f5-2b8e3e673254,John Doe 14,contact14@technova14.com,Full Stack Developer,5+ years,Looking for a skilled Full Stack Developer to join our dynamic team at TechNova Solutions 14.,"Python, Django, REST APIs","Agile, Scrum",India,California,San Francisco,94235,85274,147049,USD,Yearly,Develop and maintain applications for TechNova Solutions 14 clients.,Internship,On-site,active
8bfe87be-8459-4696-85ac-93d0cfe5aa5c,ca66b429-fb8e-4686-81f5-2b8e3e673254,John Doe 14,contact14@technova14.com,Project Manager,2+ years,Looking for a skilled Project Manager to join our dynamic team at TechNova Solutions 14.,"Python, Django, REST APIs","Problem Solving, Creativity",Australia,California,San Francisco,94267,91385,110639,USD,Yearly,Develop and maintain applications for TechNova Solutions 14 clients.,Full-time,On-site,active
406b42d0-ddf0-4bf4-9f55-05d4a9add859,ca66b429-fb8e-4686-81f5-2b8e3e673254,John Doe 14,contact14@technova14.com,DevOps Engineer,2+ years,Looking for a skilled DevOps Engineer to join our dynamic team at TechNova Solutions 14.,"AWS, Docker, Kubernetes","Agile, Scrum",Germany,California,San Francisco,94528,81239,122748,USD,Yearly,Develop and maintain applications for TechNova Solutions 14 clients.,Internship,Remote,active
5723c884-bdd2-40ff-a2f2-0d8eefca6f52,ca66b429-fb8e-4686-81f5-2b8e3e673254,John Doe 14,contact14@technova14.com,DevOps Engineer,6+ years,Looking for a skilled DevOps Engineer to join our dynamic team at TechNova Solutions 14.,"Machine Learning, AI, TensorFlow","Leadership, Mentoring",India,California,San Francisco,94601,63976,111841,USD,Yearly,Develop and maintain applications for TechNova Solutions 14 clients.,Part-time,On-site,active
47fc71b1-1a64-4553-b3eb-87dfcf8c4f7a,ca66b429-fb8e-4686-81f5-2b8e3e673254,John Doe 14,contact14@technova14.com,Frontend Developer,3+ years,Looking for a skilled Frontend Developer to join our dynamic team at TechNova Solutions 14.,"AWS, Docker, Kubernetes","Agile, Scrum",Australia,California,San Francisco,94346,66974,124962,USD,Yearly,Develop and maintain applications for TechNova Solutions 14 clients.,Internship,Remote,active
8e8ba07d-4b07-4ccf-a5cb-fc47dcf9a0d3,ca66b429-fb8e-4686-81f5-2b8e3e673254,John Doe 14,contact14@technova14.com,Product Owner,5+ years,Looking for a skilled Product Owner to join our dynamic team at TechNova Solutions 14.,"AWS, Docker, Kubernetes","Communication, Teamwork",USA,California,San Francisco,94866,88169,125117,USD,Yearly,Develop and maintain applications for TechNova Solutions 14 clients.,Contract,Hybrid,active
9102593d-ccf7-42c3-8b83-291bc2f2dc48,ca66b429-fb8e-4686-81f5-2b8e3e673254,John Doe 14,contact14@technova14.com,QA Engineer,2+ years,Looking for a skilled QA Engineer to join our dynamic team at TechNova Solutions 14.,"AWS, Docker, Kubernetes","Leadership, Mentoring",India,California,San Francisco,94183,98517,140965,USD,Yearly,Develop and maintain applications for TechNova Solutions 14 clients.,Full-time,On-site,active
9ff13ff2-e9e5-4a11-8414-b6be92f8954d,ca66b429-fb8e-4686-81f5-2b8e3e673254,John Doe 14,contact14@technova14.com,QA Engineer,2+ years,Looking for a skilled QA Engineer to join our dynamic team at TechNova Solutions 14.,"Machine Learning, AI, TensorFlow","Agile, Scrum",Germany,California,San Francisco,94999,94883,134055,USD,Yearly,Develop and maintain applications for TechNova Solutions 14 clients.,Internship,On-site,active
74b6e938-2ae3-48e6-b160-2385150928da,6c04d5d6-7c72-4ca5-88c7-fa977a29277d,John Doe 15,contact15@technova15.com,Project Manager,5+ years,Looking for a skilled Project Manager to join our dynamic team at TechNova Solutions 15.,"Machine Learning, AI, TensorFlow","Communication, Teamwork",Canada,California,San Francisco,94450,66027,160303,USD,Yearly,Develop and maintain applications for TechNova Solutions 15 clients.,Part-time,Remote,active
5da7fef3-cc14-4c2f-aa9a-74020ebfb8c0,6c04d5d6-7c72-4ca5-88c7-fa977a29277d,John Doe 15,contact15@technova15.com,Mobile App Developer,8+ years,Looking for a skilled Mobile App Developer to join our dynamic team at TechNova Solutions 15.,"JavaScript, Node.js, React","Communication, Teamwork",UK,California,San Francisco,94355,75921,129435,USD,Yearly,Develop and maintain applications for TechNova Solutions 15 clients.,Part-time,Remote,active
60e96d68-2277-4f09-852c-b6329eab96bb,6c04d5d6-7c72-4ca5-88c7-fa977a29277d,John Doe 15,contact15@technova15.com,Data Scientist,2+ years,Looking for a skilled Data Scientist to join our dynamic team at TechNova Solutions 15.,"AWS, Docker, Kubernetes","Communication, Teamwork",UK,California,San Francisco,94993,63595,110389,USD,Yearly,Develop and maintain applications for TechNova Solutions 15 clients.,Full-time,On-site,active
bbd312e1-a797-4f21-8da8-9e6d48ed57bc,6c04d5d6-7c72-4ca5-88c7-fa977a29277d,John Doe 15,contact15@technova15.com,Frontend Developer,3+ years,Looking for a skilled Frontend Developer to join our dynamic team at TechNova Solutions 15.,"Machine Learning, AI, TensorFlow","Leadership, Mentoring",Canada,California,San Francisco,94829,65432,153778,USD,Yearly,Develop and maintain applications for TechNova Solutions 15 clients.,Contract,Hybrid,active
113965c4-433b-4bef-a4b6-ca6e9888056d,6c04d5d6-7c72-4ca5-88c7-fa977a29277d,John Doe 15,contact15@technova15.com,Cloud Architect,7+ years,Looking for a skilled Cloud Architect to join our dynamic team at TechNova Solutions 15.,"JavaScript, Node.js, React","Agile, Scrum",Germany,California,San Francisco,94421,90486,149909,USD,Yearly,Develop and maintain applications for TechNova Solutions 15 clients.,Part-time,On-site,active
8813a92e-065d-441f-9429-37b069a65d6b,6c04d5d6-7c72-4ca5-88c7-fa977a29277d,John Doe 15,contact15@technova15.com,Database Administrator,3+ years,Looking for a skilled Database Administrator to join our dynamic team at TechNova Solutions 15.,"Machine Learning, AI, TensorFlow","Leadership, Mentoring",Germany,California,San Francisco,94340,77031,161683,USD,Yearly,Develop and maintain applications for TechNova Solutions 15 clients.,Part-time,On-site,active
97c17333-27a8-436e-a022-da7fbd5fc6f9,6c04d5d6-7c72-4ca5-88c7-fa977a29277d,John Doe 15,contact15@technova15.com,UI/UX Designer,3+ years,Looking for a skilled UI/UX Designer to join our dynamic team at TechNova Solutions 15.,"Machine Learning, AI, TensorFlow","Agile, Scrum",Australia,California,San Francisco,94393,89006,128471,USD,Yearly,Develop and maintain applications for TechNova Solutions 15 clients.,Full-time,On-site,active
441c1e35-817f-426a-b4c8-3248a5085c74,6c04d5d6-7c72-4ca5-88c7-fa977a29277d,John Doe 15,contact15@technova15.com,Frontend Developer,3+ years,Looking for a skilled Frontend Developer to join our dynamic team at TechNova Solutions 15.,"AWS, Docker, Kubernetes","Leadership, Mentoring",Germany,California,San Francisco,94616,61244,112096,USD,Yearly,Develop and maintain applications for TechNova Solutions 15 clients.,Internship,Remote,active
263756a3-3ddb-4ea9-b616-5b270d094d1c,6c04d5d6-7c72-4ca5-88c7-fa977a29277d,John Doe 15,contact15@technova15.com,Software Engineer,5+ years,Looking for a skilled Software Engineer to join our dynamic team at TechNova Solutions 15.,"Python, Django, REST APIs","Leadership, Mentoring",UK,California,San Francisco,94873,77763,137185,USD,Yearly,Develop and maintain applications for TechNova Solutions 15 clients.,Contract,Remote,active
d7006656-560c-489f-b9cb-1248966df481,6c04d5d6-7c72-4ca5-88c7-fa977a29277d,John Doe 15,contact15@technova15.com,Cloud Architect,6+ years,Looking for a skilled Cloud Architect to join our dynamic team at TechNova Solutions 15.,"JavaScript, Node.js, React","Problem Solving, Creativity",Canada,California,San Francisco,94812,87365,132051,USD,Yearly,Develop and maintain applications for TechNova Solutions 15 clients.,Full-time,On-site,active
41e73522-2f69-44ba-ab16-b6a6b8e6ddba,190b903b-600a-487b-bf92-665b3f76fd4e,John Doe 16,contact16@technova16.com,AI Engineer,6+ years,Looking for a skilled AI Engineer to join our dynamic team at TechNova Solutions 16.,"SQL, MySQL, MongoDB","Problem Solving, Creativity",Australia,California,San Francisco,94155,97390,133709,USD,Yearly,Develop and maintain applications for TechNova Solutions 16 clients.,Remote,Hybrid,active
5a4f9eb5-855a-4e92-82ee-cbf2f5d2afdd,190b903b-600a-487b-bf92-665b3f76fd4e,John Doe 16,contact16@technova16.com,Data Scientist,3+ years,Looking for a skilled Data Scientist to join our dynamic team at TechNova Solutions 16.,"AWS, Docker, Kubernetes","Problem Solving, Creativity",Australia,California,San Francisco,94855,71945,121609,USD,Yearly,Develop and maintain applications for TechNova Solutions 16 clients.,Part-time,Hybrid,active
88119e13-36a0-4403-9e4a-03702873a8b7,190b903b-600a-487b-bf92-665b3f76fd4e,John Doe 16,contact16@technova16.com,DevOps Engineer,2+ years,Looking for a skilled DevOps Engineer to join our dynamic team at TechNova Solutions 16.,"AWS, Docker, Kubernetes","Problem Solving, Creativity",UK,California,San Francisco,94767,76342,148524,USD,Yearly,Develop and maintain applications for TechNova Solutions 16 clients.,Part-time,On-site,active
048cf086-f638-4aa1-b828-09bfd11486cc,190b903b-600a-487b-bf92-665b3f76fd4e,John Doe 16,contact16@technova16.com,Business Analyst,7+ years,Looking for a skilled Business Analyst to join our dynamic team at TechNova Solutions 16.,"Python, Django, REST APIs","Leadership, Mentoring",UK,California,San Francisco,94424,90380,122461,USD,Yearly,Develop and maintain applications for TechNova Solutions 16 clients.,Full-time,Hybrid,active
9735bae0-1a71-44d3-9811-471a5edd5acf,190b903b-600a-487b-bf92-665b3f76fd4e,John Doe 16,contact16@technova16.com,Cloud Architect,7+ years,Looking for a skilled Cloud Architect to join our dynamic team at TechNova Solutions 16.,"Python, Django, REST APIs","Agile, Scrum",Germany,California,San Francisco,94763,69761,128245,USD,Yearly,Develop and maintain applications for TechNova Solutions 16 clients.,Internship,Remote,active
969a3cfd-41d8-474c-9d23-f2569554bf9a,190b903b-600a-487b-bf92-665b3f76fd4e,John Doe 16,contact16@technova16.com,Mobile App Developer,5+ years,Looking for a skilled Mobile App Developer to join our dynamic team at TechNova Solutions 16.,"Machine Learning, AI, TensorFlow","Leadership, Mentoring",Canada,California,San Francisco,94778,70188,114956,USD,Yearly,Develop and maintain applications for TechNova Solutions 16 clients.,Full-time,Hybrid,active
a26e902a-e5ef-4817-ac12-838daa3e9c34,190b903b-600a-487b-bf92-665b3f76fd4e,John Doe 16,contact16@technova16.com,UI/UX Designer,7+ years,Looking for a skilled UI/UX Designer to join our dynamic team at TechNova Solutions 16.,"JavaScript, Node.js, React","Communication, Teamwork",Australia,California,San Francisco,94103,84606,145317,USD,Yearly,Develop and maintain applications for TechNova Solutions 16 clients.,Internship,On-site,active
7a983bf8-1572-48f5-ab08-a2247eda8c81,190b903b-600a-487b-bf92-665b3f76fd4e,John Doe 16,contact16@technova16.com,Software Engineer,4+ years,Looking for a skilled Software Engineer to join our dynamic team at TechNova Solutions 16.,"AWS, Docker, Kubernetes","Problem Solving, Creativity",India,California,San Francisco,94293,96649,123686,USD,Yearly,Develop and maintain applications for TechNova Solutions 16 clients.,Internship,On-site,active
f5e06808-3010-4194-bdab-697df103619e,190b903b-600a-487b-bf92-665b3f76fd4e,John Doe 16,contact16@technova16.com,Software Engineer,3+ years,Looking for a skilled Software Engineer to join our dynamic team at TechNova Solutions 16.,"Machine Learning, AI, TensorFlow","Communication, Teamwork",USA,California,San Francisco,94347,91065,127953,USD,Yearly,Develop and maintain applications for TechNova Solutions 16 clients.,Part-time,Hybrid,active
ba82cd3a-0f78-4087-bff4-ffed28af969f,190b903b-600a-487b-bf92-665b3f76fd4e,John Doe 16,contact16@technova16.com,DevOps Engineer,7+ years,Looking for a skilled DevOps Engineer to join our dynamic team at TechNova Solutions 16.,"Machine Learning, AI, TensorFlow","Agile, Scrum",Australia,California,San Francisco,94462,70434,159704,USD,Yearly,Develop and maintain applications for TechNova Solutions 16 clients.,Remote,Hybrid,active
e6c67f49-c6d8-43d1-9794-4669fdd60adc,4b9efca0-0afc-40f4-ae88-256cee0d8c9f,John Doe 17,contact17@technova17.com,Data Scientist,1+ years,Looking for a skilled Data Scientist to join our dynamic team at TechNova Solutions 17.,"AWS, Docker, Kubernetes","Leadership, Mentoring",USA,California,San Francisco,94516,77812,136702,USD,Yearly,Develop and maintain applications for TechNova Solutions 17 clients.,Internship,On-site,active
7b5a631c-1b70-4038-9b74-695b8f2ae0ec,4b9efca0-0afc-40f4-ae88-256cee0d8c9f,John Doe 17,contact17@technova17.com,Backend Developer,4+ years,Looking for a skilled Backend Developer to join our dynamic team at TechNova Solutions 17.,"SQL, MySQL, MongoDB","Agile, Scrum",USA,California,San Francisco,94537,92521,157698,USD,Yearly,Develop and maintain applications for TechNova Solutions 17 clients.,Internship,Remote,active
071ac95c-cca3-4a09-b94e-53fc564a0ec6,4b9efca0-0afc-40f4-ae88-256cee0d8c9f,John Doe 17,contact17@technova17.com,Backend Developer,8+ years,Looking for a skilled Backend Developer to join our dynamic team at TechNova Solutions 17.,"AWS, Docker, Kubernetes","Leadership, Mentoring",Australia,California,San Francisco,94371,88457,151561,USD,Yearly,Develop and maintain applications for TechNova Solutions 17 clients.,Internship,On-site,active
d25dcc1e-df41-4732-a6a3-3a0e59f2d9a5,4b9efca0-0afc-40f4-ae88-256cee0d8c9f,John Doe 17,contact17@technova17.com,Frontend Developer,1+ years,Looking for a skilled Frontend Developer to join our dynamic team at TechNova Solutions 17.,"Python, Django, REST APIs","Problem Solving, Creativity",UK,California,San Francisco,94748,83949,116808,USD,Yearly,Develop and maintain applications for TechNova Solutions 17 clients.,Internship,Hybrid,active
13544904-347d-4b17-b769-113ad79b3e95,4b9efca0-0afc-40f4-ae88-256cee0d8c9f,John Doe 17,contact17@technova17.com,Software Engineer,6+ years,Looking for a skilled Software Engineer to join our dynamic team at TechNova Solutions 17.,"Python, Django, REST APIs","Leadership, Mentoring",Germany,California,San Francisco,94626,87187,162141,USD,Yearly,Develop and maintain applications for TechNova Solutions 17 clients.,Internship,Remote,active
e437497b-64a8-461d-830f-2166f00abb26,4b9efca0-0afc-40f4-ae88-256cee0d8c9f,John Doe 17,contact17@technova17.com,Product Owner,4+ years,Looking for a skilled Product Owner to join our dynamic team at TechNova Solutions 17.,"Python, Django, REST APIs","Agile, Scrum",India,California,San Francisco,94836,89089,164672,USD,Yearly,Develop and maintain applications for TechNova Solutions 17 clients.,Part-time,On-site,active
553352f8-2f80-4874-8e57-42f0439e20bc,4b9efca0-0afc-40f4-ae88-256cee0d8c9f,John Doe 17,contact17@technova17.com,Software Engineer,8+ years,Looking for a skilled Software Engineer to join our dynamic team at TechNova Solutions 17.,"Python, Django, REST APIs","Leadership, Mentoring",India,California,San Francisco,94644,71886,179907,USD,Yearly,Develop and maintain applications for TechNova Solutions 17 clients.,Internship,Hybrid,active
719635a9-aaf1-4f57-971c-dc6409658be7,4b9efca0-0afc-40f4-ae88-256cee0d8c9f,John Doe 17,contact17@technova17.com,Frontend Developer,8+ years,Looking for a skilled Frontend Developer to join our dynamic team at TechNova Solutions 17.,"Machine Learning, AI, TensorFlow","Leadership, Mentoring",Australia,California,San Francisco,94417,72057,178744,USD,Yearly,Develop and maintain applications for TechNova Solutions 17 clients.,Remote,Hybrid,active
f3fcfeed-f6a9-490a-b7ca-1513c72e7605,4b9efca0-0afc-40f4-ae88-256cee0d8c9f,John Doe 17,contact17@technova17.com,Product Owner,1+ years,Looking for a skilled Product Owner to join our dynamic team at TechNova Solutions 17.,"JavaScript, Node.js, React","Agile, Scrum",USA,California,San Francisco,94819,76878,177674,USD,Yearly,Develop and maintain applications for TechNova Solutions 17 clients.,Full-time,Hybrid,active
0ff6b248-0656-47cc-822f-2f6f14af6dc9,4b9efca0-0afc-40f4-ae88-256cee0d8c9f,John Doe 17,contact17@technova17.com,AI Engineer,2+ years,Looking for a skilled AI Engineer to join our dynamic team at TechNova Solutions 17.,"Python, Django, REST APIs","Communication, Teamwork",Canada,California,San Francisco,94891,63966,112136,USD,Yearly,Develop and maintain applications for TechNova Solutions 17 clients.,Part-time,Remote,active
def7c11c-4815-406e-bdd6-b37cd391cc4f,c58d2449-dc9b-4892-9dfd-0378ea87284e,John Doe 18,contact18@technova18.com,QA Engineer,1+ years,Looking for a skilled QA Engineer to join our dynamic team at TechNova Solutions 18.,"Python, Django, REST APIs","Agile, Scrum",Australia,California,San Francisco,94217,60030,136346,USD,Yearly,Develop and maintain applications for TechNova Solutions 18 clients.,Full-time,On-site,active
37038bbd-2f1f-4261-b7be-4af260813782,c58d2449-dc9b-4892-9dfd-0378ea87284e,John Doe 18,contact18@technova18.com,Backend Developer,5+ years,Looking for a skilled Backend Developer to join our dynamic team at TechNova Solutions 18.,"Machine Learning, AI, TensorFlow","Communication, Teamwork",India,California,San Francisco,94442,62320,136930,USD,Yearly,Develop and maintain applications for TechNova Solutions 18 clients.,Remote,On-site,active
47a4d37b-33b5-4e1d-9239-1f6863c8f208,c58d2449-dc9b-4892-9dfd-0378ea87284e,John Doe 18,contact18@technova18.com,QA Engineer,1+ years,Looking for a skilled QA Engineer to join our dynamic team at TechNova Solutions 18.,"Machine Learning, AI, TensorFlow","Agile, Scrum",India,California,San Francisco,94444,92632,146248,USD,Yearly,Develop and maintain applications for TechNova Solutions 18 clients.,Contract,Hybrid,active
2896aac3-40ba-4fbf-af05-627b8104f007,c58d2449-dc9b-4892-9dfd-0378ea87284e,John Doe 18,contact18@technova18.com,Software Engineer,4+ years,Looking for a skilled Software Engineer to join our dynamic team at TechNova Solutions 18.,"JavaScript, Node.js, React","Communication, Teamwork",Germany,California,San Francisco,94682,88517,145583,USD,Yearly,Develop and maintain applications for TechNova Solutions 18 clients.,Part-time,On-site,active
8213db0d-af8e-49a7-be1a-d183f0deb7b8,c58d2449-dc9b-4892-9dfd-0378ea87284e,John Doe 18,contact18@technova18.com,Backend Developer,7+ years,Looking for a skilled Backend Developer to join our dynamic team at TechNova Solutions 18.,"Python, Django, REST APIs","Communication, Teamwork",Canada,California,San Francisco,94653,91340,113018,USD,Yearly,Develop and maintain applications for TechNova Solutions 18 clients.,Contract,Hybrid,active
4b4cc203-2ac0-4a56-93ce-c60420c593d6,c58d2449-dc9b-4892-9dfd-0378ea87284e,John Doe 18,contact18@technova18.com,Frontend Developer,8+ years,Looking for a skilled Frontend Developer to join our dynamic team at TechNova Solutions 18.,"SQL, MySQL, MongoDB","Agile, Scrum",Germany,California,San Francisco,94479,84713,132737,USD,Yearly,Develop and maintain applications for TechNova Solutions 18 clients.,Contract,Remote,active
1af996a6-a53a-4dcc-a8b9-21208359d48c,c58d2449-dc9b-4892-9dfd-0378ea87284e,John Doe 18,contact18@technova18.com,Business Analyst,6+ years,Looking for a skilled Business Analyst to join our dynamic team at TechNova Solutions 18.,"SQL, MySQL, MongoDB","Communication, Teamwork",Canada,California,San Francisco,94850,86066,175179,USD,Yearly,Develop and maintain applications for TechNova Solutions 18 clients.,Internship,Remote,active
350ea1e1-bdd8-4c21-a09a-94cfdbda6e84,c58d2449-dc9b-4892-9dfd-0378ea87284e,John Doe 18,contact18@technova18.com,Full Stack Developer,3+ years,Looking for a skilled Full Stack Developer to join our dynamic team at TechNova Solutions 18.,"Python, Django, REST APIs","Communication, Teamwork",Germany,California,San Francisco,94954,86157,124854,USD,Yearly,Develop and maintain applications for TechNova Solutions 18 clients.,Remote,Remote,active
38210266-7776-4a21-91dd-78bbcb0be0d0,c58d2449-dc9b-4892-9dfd-0378ea87284e,John Doe 18,contact18@technova18.com,Mobile App Developer,2+ years,Looking for a skilled Mobile App Developer to join our dynamic team at TechNova Solutions 18.,"Python, Django, REST APIs","Leadership, Mentoring",India,California,San Francisco,94159,68690,155637,USD,Yearly,Develop and maintain applications for TechNova Solutions 18 clients.,Remote,Hybrid,active
399d41a4-8f61-4b5e-a8e6-a4bf89abda23,c58d2449-dc9b-4892-9dfd-0378ea87284e,John Doe 18,contact18@technova18.com,Mobile App Developer,3+ years,Looking for a skilled Mobile App Developer to join our dynamic team at TechNova Solutions 18.,"Python, Django, REST APIs","Problem Solving, Creativity",India,California,San Francisco,94967,71190,169098,USD,Yearly,Develop and maintain applications for TechNova Solutions 18 clients.,Part-time,Remote,active
ce25755c-a535-46e1-b300-56c4385fa8f6,60c6586e-3c17-42ba-93ac-1253c4b4f502,John Doe 19,contact19@technova19.com,AI Engineer,4+ years,Looking for a skilled AI Engineer to join our dynamic team at TechNova Solutions 19.,"SQL, MySQL, MongoDB","Problem Solving, Creativity",India,California,San Francisco,94513,80831,154771,USD,Yearly,Develop and maintain applications for TechNova Solutions 19 clients.,Contract,Hybrid,active
deb89b99-4195-4404-98a8-78416bd98c9d,60c6586e-3c17-42ba-93ac-1253c4b4f502,John Doe 19,contact19@technova19.com,QA Engineer,3+ years,Looking for a skilled QA Engineer to join our dynamic team at TechNova Solutions 19.,"Python, Django, REST APIs","Problem Solving, Creativity",Canada,California,San Francisco,94930,94720,111448,USD,Yearly,Develop and maintain applications for TechNova Solutions 19 clients.,Contract,Hybrid,active
93dd2c32-572d-47b5-8f25-029d76c53298,60c6586e-3c17-42ba-93ac-1253c4b4f502,John Doe 19,contact19@technova19.com,Backend Developer,5+ years,Looking for a skilled Backend Developer to join our dynamic team at TechNova Solutions 19.,"AWS, Docker, Kubernetes","Leadership, Mentoring",UK,California,San Francisco,94188,71608,119480,USD,Yearly,Develop and maintain applications for TechNova Solutions 19 clients.,Full-time,Hybrid,active
a3a485ad-f68d-4454-b271-92fd91856b37,60c6586e-3c17-42ba-93ac-1253c4b4f502,John Doe 19,contact19@technova19.com,Database Administrator,5+ years,Looking for a skilled Database Administrator to join our dynamic team at TechNova Solutions 19.,"SQL, MySQL, MongoDB","Communication, Teamwork",UK,California,San Francisco,94199,66080,134619,USD,Yearly,Develop and maintain applications for TechNova Solutions 19 clients.,Remote,Remote,active
a3abb108-3493-46cb-841b-c803d1588e5c,60c6586e-3c17-42ba-93ac-1253c4b4f502,John Doe 19,contact19@technova19.com,Product Owner,7+ years,Looking for a skilled Product Owner to join our dynamic team at TechNova Solutions 19.,"JavaScript, Node.js, React","Leadership, Mentoring",India,California,San Francisco,94126,87796,155813,USD,Yearly,Develop and maintain applications for TechNova Solutions 19 clients.,Internship,On-site,active
4fa339ed-7e1f-4fda-b3be-50a39ee3315c,60c6586e-3c17-42ba-93ac-1253c4b4f502,John Doe 19,contact19@technova19.com,AI Engineer,4+ years,Looking for a skilled AI Engineer to join our dynamic team at TechNova Solutions 19.,"Python, Django, REST APIs","Communication, Teamwork",UK,California,San Francisco,94306,69143,179106,USD,Yearly,Develop and maintain applications for TechNova Solutions 19 clients.,Part-time,Remote,active
eaf532d1-d767-4889-84f4-0f1c824ae3b6,60c6586e-3c17-42ba-93ac-1253c4b4f502,John Doe 19,contact19@technova19.com,Mobile App Developer,7+ years,Looking for a skilled Mobile App Developer to join our dynamic team at TechNova Solutions 19.,"Machine Learning, AI, TensorFlow","Agile, Scrum",Australia,California,San Francisco,94490,76445,122486,USD,Yearly,Develop and maintain applications for TechNova Solutions 19 clients.,Internship,Remote,active
3b3399fb-d648-447f-9e96-c15b795c7d7d,60c6586e-3c17-42ba-93ac-1253c4b4f502,John Doe 19,contact19@technova19.com,Full Stack Developer,2+ years,Looking for a skilled Full Stack Developer to join our dynamic team at TechNova Solutions 19.,"AWS, Docker, Kubernetes","Leadership, Mentoring",India,California,San Francisco,94159,87435,148377,USD,Yearly,Develop and maintain applications for TechNova Solutions 19 clients.,Part-time,On-site,active
02092856-522a-4c16-8606-6e0823caaf22,60c6586e-3c17-42ba-93ac-1253c4b4f502,John Doe 19,contact19@technova19.com,AI Engineer,7+ years,Looking for a skilled AI Engineer to join our dynamic team at TechNova Solutions 19.,"Python, Django, REST APIs","Communication, Teamwork",UK,California,San Francisco,94665,61820,137222,USD,Yearly,Develop and maintain applications for TechNova Solutions 19 clients.,Part-time,On-site,active
6f487462-91b8-40bd-aa99-e87fa23a8bbd,60c6586e-3c17-42ba-93ac-1253c4b4f502,John Doe 19,contact19@technova19.com,QA Engineer,7+ years,Looking for a skilled QA Engineer to join our dynamic team at TechNova Solutions 19.,"JavaScript, Node.js, React","Problem Solving, Creativity",Canada,California,San Francisco,94872,96948,132753,USD,Yearly,Develop and maintain applications for TechNova Solutions 19 clients.,Remote,Hybrid,active
9f434b00-29ec-43f1-8c5c-8ff65ca55063,2d058a42-56c1-4fb4-8852-4bf7e093465f,John Doe 20,contact20@technova20.com,Business Analyst,6+ years,Looking for a skilled Business Analyst to join our dynamic team at TechNova Solutions 20.,"Python, Django, REST APIs","Problem Solving, Creativity",Canada,California,San Francisco,94815,66731,114586,USD,Yearly,Develop and maintain applications for TechNova Solutions 20 clients.,Part-time,Remote,active
b9d8e89e-f573-4586-89be-8f4ca2648e77,2d058a42-56c1-4fb4-8852-4bf7e093465f,John Doe 20,contact20@technova20.com,DevOps Engineer,5+ years,Looking for a skilled DevOps Engineer to join our dynamic team at TechNova Solutions 20.,"AWS, Docker, Kubernetes","Agile, Scrum",Australia,California,San Francisco,94627,94899,120987,USD,Yearly,Develop and maintain applications for TechNova Solutions 20 clients.,Contract,Hybrid,active
6924d2f0-457d-44d5-b723-a828a2787ca1,2d058a42-56c1-4fb4-8852-4bf7e093465f,John Doe 20,contact20@technova20.com,Frontend Developer,5+ years,Looking for a skilled Frontend Developer to join our dynamic team at TechNova Solutions 20.,"Machine Learning, AI, TensorFlow","Communication, Teamwork",USA,California,San Francisco,94362,83793,147799,USD,Yearly,Develop and maintain applications for TechNova Solutions 20 clients.,Contract,On-site,active
0772d914-e5c8-4d69-acc3-75aabd321cf8,2d058a42-56c1-4fb4-8852-4bf7e093465f,John Doe 20,contact20@technova20.com,Product Owner,8+ years,Looking for a skilled Product Owner to join our dynamic team at TechNova Solutions 20.,"AWS, Docker, Kubernetes","Leadership, Mentoring",Canada,California,San Francisco,94162,78064,137265,USD,Yearly,Develop and maintain applications for TechNova Solutions 20 clients.,Full-time,On-site,active
ebd943bc-c673-493e-a778-c9a99c2ca122,2d058a42-56c1-4fb4-8852-4bf7e093465f,John Doe 20,contact20@technova20.com,UI/UX Designer,6+ years,Looking for a skilled UI/UX Designer to join our dynamic team at TechNova Solutions 20.,"SQL, MySQL, MongoDB","Agile, Scrum",India,California,San Francisco,94509,68794,116957,USD,Yearly,Develop and maintain applications for TechNova Solutions 20 clients.,Full-time,On-site,active
9d8b04d4-0d3c-4479-b46a-0120d07251bf,2d058a42-56c1-4fb4-8852-4bf7e093465f,John Doe 20,contact20@technova20.com,Backend Developer,4+ years,Looking for a skilled Backend Developer to join our dynamic team at TechNova Solutions 20.,"AWS, Docker, Kubernetes","Problem Solving, Creativity",India,California,San Francisco,94539,91104,141976,USD,Yearly,Develop and maintain applications for TechNova Solutions 20 clients.,Part-time,Remote,active
c6a98c34-bd35-45a3-ae5a-127d3fb38591,2d058a42-56c1-4fb4-8852-4bf7e093465f,John Doe 20,contact20@technova20.com,Business Analyst,8+ years,Looking for a skilled Business Analyst to join our dynamic team at TechNova Solutions 20.,"Python, Django, REST APIs","Leadership, Mentoring",Australia,California,San Francisco,94221,63917,174290,USD,Yearly,Develop and maintain applications for TechNova Solutions 20 clients.,Full-time,On-site,active
9a3d2944-291f-48a1-9e9b-675c839a308c,2d058a42-56c1-4fb4-8852-4bf7e093465f,John Doe 20,contact20@technova20.com,Product Owner,2+ years,Looking for a skilled Product Owner to join our dynamic team at TechNova Solutions 20.,"Machine Learning, AI, TensorFlow","Leadership, Mentoring",USA,California,San Francisco,94711,90062,150575,USD,Yearly,Develop and maintain applications for TechNova Solutions 20 clients.,Part-time,Remote,active
b2327048-9806-43d3-b47c-3e2a006ccb3b,2d058a42-56c1-4fb4-8852-4bf7e093465f,John Doe 20,contact20@technova20.com,Software Engineer,5+ years,Looking for a skilled Software Engineer to join our dynamic team at TechNova Solutions 20.,"AWS, Docker, Kubernetes","Leadership, Mentoring",USA,California,San Francisco,94275,68396,161030,USD,Yearly,Develop and maintain applications for TechNova Solutions 20 clients.,Contract,On-site,active
6b54747d-7ad9-437f-a4ce-3ce68e2743cc,2d058a42-56c1-4fb4-8852-4bf7e093465f,John Doe 20,contact20@technova20.com,AI Engineer,3+ years,Looking for a skilled AI Engineer to join our dynamic team at TechNova Solutions 20.,"Machine Learning, AI, TensorFlow","Leadership, Mentoring",India,California,San Francisco,94346,79224,131651,USD,Yearly,Develop and maintain applications for TechNova Solutions 20 clients.,Remote,On-site,active
